{
  "multigroup_interaction": {
    "Random": {
      "mean_best": 62.9,
      "std_best": 10.338762014864255,
      "median_best": 62.5,
      "optimum_rate": 0.0,
      "mean_unique_evals": 588.0
    },
    "MCTS (default)": {
      "mean_best": 94.93333333333334,
      "std_best": 18.90138148978064,
      "median_best": 106.0,
      "optimum_rate": 0.0,
      "mean_unique_evals": 204.7
    },
    "MCTS (no RAVE)": {
      "mean_best": 105.06666666666666,
      "std_best": 25.77587157703024,
      "median_best": 106.0,
      "optimum_rate": 0.2,
      "mean_unique_evals": 391.56666666666666
    },
    "MCTS (no PW)": {
      "mean_best": 90.76666666666667,
      "std_best": 19.186250864153273,
      "median_best": 103.0,
      "optimum_rate": 0.0,
      "mean_unique_evals": 196.5
    },
    "MCTS (no RAVE, no PW)": {
      "mean_best": 99.4,
      "std_best": 29.823480682173905,
      "median_best": 97.5,
      "optimum_rate": 0.2,
      "mean_unique_evals": 364.6666666666667
    },
    "MCTS (low explore)": {
      "mean_best": 94.2,
      "std_best": 17.24992753607968,
      "median_best": 106.0,
      "optimum_rate": 0.0,
      "mean_unique_evals": 199.66666666666666
    },
    "MCTS (high explore)": {
      "mean_best": 97.26666666666667,
      "std_best": 15.73093202013861,
      "median_best": 106.0,
      "optimum_rate": 0.0,
      "mean_unique_evals": 240.16666666666666
    },
    "MCTS (heavy RAVE)": {
      "mean_best": 81.36666666666666,
      "std_best": 18.734074718425664,
      "median_best": 82.5,
      "optimum_rate": 0.0,
      "mean_unique_evals": 84.33333333333333
    },
    "MCTS (tight PW)": {
      "mean_best": 91.36666666666666,
      "std_best": 17.415478428366214,
      "median_best": 103.0,
      "optimum_rate": 0.0,
      "mean_unique_evals": 195.86666666666667
    },
    "MCTS (loose PW)": {
      "mean_best": 90.76666666666667,
      "std_best": 19.186250864153273,
      "median_best": 103.0,
      "optimum_rate": 0.0,
      "mean_unique_evals": 196.5
    },
    "MCTS (p_stop=0.1)": {
      "mean_best": 96.23333333333333,
      "std_best": 14.312426613106373,
      "median_best": 104.5,
      "optimum_rate": 0.0,
      "mean_unique_evals": 237.53333333333333
    },
    "MCTS (p_stop=0.6)": {
      "mean_best": 84.46666666666667,
      "std_best": 20.779370111296018,
      "median_best": 83.0,
      "optimum_rate": 0.0,
      "mean_unique_evals": 164.73333333333332
    },
    "MCTS (adaptive p)": {
      "mean_best": 98.0,
      "std_best": 14.484474446799926,
      "median_best": 106.0,
      "optimum_rate": 0.0,
      "mean_unique_evals": 219.43333333333334
    },
    "MCTS (no RAVE+adpt)": {
      "mean_best": 103.83333333333333,
      "std_best": 29.728867377610534,
      "median_best": 106.0,
      "optimum_rate": 0.23333333333333334,
      "mean_unique_evals": 380.3333333333333
    },
    "MCTS (norm)": {
      "mean_best": 101.83333333333333,
      "std_best": 10.462897410479675,
      "median_best": 106.0,
      "optimum_rate": 0.0,
      "mean_unique_evals": 321.46666666666664
    },
    "MCTS (no RAVE+adpt+norm)": {
      "mean_best": 108.86666666666666,
      "std_best": 25.145885459763704,
      "median_best": 106.0,
      "optimum_rate": 0.23333333333333334,
      "mean_unique_evals": 455.26666666666665
    }
  },
  "needle_in_haystack": {
    "Random": {
      "mean_best": 39.666666666666664,
      "std_best": 20.491190519071576,
      "median_best": 32.5,
      "optimum_rate": 0.1,
      "mean_unique_evals": 216.2
    },
    "MCTS (default)": {
      "mean_best": 77.0,
      "std_best": 32.57299494980466,
      "median_best": 100.0,
      "optimum_rate": 0.6666666666666666,
      "mean_unique_evals": 58.2
    },
    "MCTS (no RAVE)": {
      "mean_best": 97.66666666666667,
      "std_best": 12.565384549980509,
      "median_best": 100.0,
      "optimum_rate": 0.9666666666666667,
      "mean_unique_evals": 153.8
    },
    "MCTS (no PW)": {
      "mean_best": 76.66666666666667,
      "std_best": 32.99831645537222,
      "median_best": 100.0,
      "optimum_rate": 0.6666666666666666,
      "mean_unique_evals": 56.03333333333333
    },
    "MCTS (no RAVE, no PW)": {
      "mean_best": 97.66666666666667,
      "std_best": 12.565384549980509,
      "median_best": 100.0,
      "optimum_rate": 0.9666666666666667,
      "mean_unique_evals": 147.23333333333332
    },
    "MCTS (low explore)": {
      "mean_best": 74.33333333333333,
      "std_best": 33.73260868786891,
      "median_best": 100.0,
      "optimum_rate": 0.6333333333333333,
      "mean_unique_evals": 54.766666666666666
    },
    "MCTS (high explore)": {
      "mean_best": 88.33333333333333,
      "std_best": 26.087459737497543,
      "median_best": 100.0,
      "optimum_rate": 0.8333333333333334,
      "mean_unique_evals": 64.26666666666667
    },
    "MCTS (heavy RAVE)": {
      "mean_best": 35.166666666666664,
      "std_best": 17.957511582126916,
      "median_best": 30.0,
      "optimum_rate": 0.06666666666666667,
      "mean_unique_evals": 34.4
    },
    "MCTS (tight PW)": {
      "mean_best": 39.833333333333336,
      "std_best": 27.79338450463028,
      "median_best": 30.0,
      "optimum_rate": 0.16666666666666666,
      "mean_unique_evals": 46.63333333333333
    },
    "MCTS (loose PW)": {
      "mean_best": 76.66666666666667,
      "std_best": 32.99831645537222,
      "median_best": 100.0,
      "optimum_rate": 0.6666666666666666,
      "mean_unique_evals": 56.03333333333333
    },
    "MCTS (p_stop=0.1)": {
      "mean_best": 67.0,
      "std_best": 35.393031329156685,
      "median_best": 100.0,
      "optimum_rate": 0.5333333333333333,
      "mean_unique_evals": 52.03333333333333
    },
    "MCTS (p_stop=0.6)": {
      "mean_best": 91.16666666666667,
      "std_best": 22.57149136016985,
      "median_best": 100.0,
      "optimum_rate": 0.8666666666666667,
      "mean_unique_evals": 63.1
    },
    "MCTS (adaptive p)": {
      "mean_best": 84.0,
      "std_best": 29.0516780926679,
      "median_best": 100.0,
      "optimum_rate": 0.7666666666666667,
      "mean_unique_evals": 60.666666666666664
    },
    "MCTS (no RAVE+adpt)": {
      "mean_best": 100.0,
      "std_best": 0.0,
      "median_best": 100.0,
      "optimum_rate": 1.0,
      "mean_unique_evals": 160.83333333333334
    },
    "MCTS (norm)": {
      "mean_best": 97.66666666666667,
      "std_best": 12.565384549980509,
      "median_best": 100.0,
      "optimum_rate": 0.9666666666666667,
      "mean_unique_evals": 98.36666666666666
    },
    "MCTS (no RAVE+adpt+norm)": {
      "mean_best": 100.0,
      "std_best": 0.0,
      "median_best": 100.0,
      "optimum_rate": 1.0,
      "mean_unique_evals": 246.56666666666666
    }
  },
  "mixed_nchoosek_categorical": {
    "Random": {
      "mean_best": 79.16666666666667,
      "std_best": 14.583285714207967,
      "median_best": 80.0,
      "optimum_rate": 0.03333333333333333,
      "mean_unique_evals": 471.96666666666664
    },
    "MCTS (default)": {
      "mean_best": 84.5,
      "std_best": 16.650825805346713,
      "median_best": 90.0,
      "optimum_rate": 0.03333333333333333,
      "mean_unique_evals": 110.96666666666667
    },
    "MCTS (no RAVE)": {
      "mean_best": 113.6,
      "std_best": 34.721367100581354,
      "median_best": 90.0,
      "optimum_rate": 0.4666666666666667,
      "mean_unique_evals": 284.06666666666666
    },
    "MCTS (no PW)": {
      "mean_best": 82.2,
      "std_best": 11.088733020503291,
      "median_best": 90.0,
      "optimum_rate": 0.0,
      "mean_unique_evals": 114.33333333333333
    },
    "MCTS (no RAVE, no PW)": {
      "mean_best": 108.53333333333333,
      "std_best": 37.107711088427735,
      "median_best": 90.0,
      "optimum_rate": 0.43333333333333335,
      "mean_unique_evals": 278.93333333333334
    },
    "MCTS (low explore)": {
      "mean_best": 87.73333333333333,
      "std_best": 19.573678471071524,
      "median_best": 90.0,
      "optimum_rate": 0.06666666666666667,