{
  "multigroup_interaction": {
    "Random": {
      "mean_best": 62.9,
      "std_best": 10.338762014864255,
      "median_best": 62.5,
      "optimum_rate": 0.0,
      "mean_unique_evals": 588.0
    },
    "UCT (+rpol)": {
      "mean_best": 111.43333333333334,
      "std_best": 23.634273606118906,
      "median_best": 109.0,
      "optimum_rate": 0.23333333333333334,
      "mean_unique_evals": 516.2666666666667
    },
    "NIG + TS(g,a) + vi + apv": {
      "mean_best": 141.3,
      "std_best": 17.57868026900768,
      "median_best": 150.0,
      "optimum_rate": 0.8,
      "mean_unique_evals": 532.0666666666667
    },
    "NIG + TS(g,a) + comb + apv": {
      "mean_best": 127.63333333333334,
      "std_best": 24.67992886717644,
      "median_best": 150.0,
      "optimum_rate": 0.5333333333333333,
      "mean_unique_evals": 568.4333333333333
    },
    "NIG + TS(g,a) + acomb + apv": {
      "mean_best": 129.03333333333333,
      "std_best": 24.442426684399038,
      "median_best": 150.0,
      "optimum_rate": 0.5666666666666667,
      "mean_unique_evals": 562.9666666666667
    },
    "NIG + TS(g,a) + acomb": {
      "mean_best": 123.83333333333333,
      "std_best": 21.780852957484367,
      "median_best": 109.0,
      "optimum_rate": 0.4,
      "mean_unique_evals": 523.9
    },
    "NIG + TS(g,a) + apess + apv": {
      "mean_best": 135.16666666666666,
      "std_best": 21.293321853472168,
      "median_best": 150.0,
      "optimum_rate": 0.6666666666666666,
      "mean_unique_evals": 548.2333333333333
    },
    "NIG + TS(g,a) + apess": {
      "mean_best": 122.33333333333333,
      "std_best": 21.833206106499542,
      "median_best": 109.0,
      "optimum_rate": 0.36666666666666664,
      "mean_unique_evals": 475.0
    },
    "NIG + uniform + apess + apv": {
      "mean_best": 119.7,
      "std_best": 29.888849648879656,
      "median_best": 109.0,
      "optimum_rate": 0.4666666666666667,
      "mean_unique_evals": 448.7
    }
  },
  "needle_in_haystack": {
    "Random": {
      "mean_best": 39.666666666666664,
      "std_best": 20.491190519071576,
      "median_best": 32.5,
      "optimum_rate": 0.1,
      "mean_unique_evals": 216.2
    },
    "UCT (+rpol)": {
      "mean_best": 100.0,
      "std_best": 0.0,
      "median_best": 100.0,
      "optimum_rate": 1.0,
      "mean_unique_evals": 283.03333333333336
    },
    "NIG + TS(g,a) + vi + apv": {
      "mean_best": 100.0,
      "std_best": 0.0,
      "median_best": 100.0,
      "optimum_rate": 1.0,
      "mean_unique_evals": 181.5
    },
    "NIG + TS(g,a) + comb + apv": {
      "mean_best": 100.0,
      "std_best": 0.0,
      "median_best": 100.0,
      "optimum_rate": 1.0,
      "mean_unique_evals": 265.06666666666666
    },
    "NIG + TS(g,a) + acomb + apv": {
      "mean_best": 96.0,
      "std_best": 14.966629547095765,
      "median_best": 100.0,
      "optimum_rate": 0.9333333333333333,
      "mean_unique_evals": 258.03333333333336
    },
    "NIG + TS(g,a) + acomb": {
      "mean_best": 96.0,
      "std_best": 14.966629547095765,
      "median_best": 100.0,
      "optimum_rate": 0.9333333333333333,
      "mean_unique_evals": 275.43333333333334
    },
    "NIG + TS(g,a) + apess + apv": {
      "mean_best": 100.0,
      "std_best": 0.0,
      "median_best": 100.0,
      "optimum_rate": 1.0,
      "mean_unique_evals": 237.06666666666666
    },
    "NIG + TS(g,a) + apess": {
      "mean_best": 98.0,
      "std_best": 10.770329614269007,
      "median_best": 100.0,
      "optimum_rate": 0.9666666666666667,
      "mean_unique_evals": 207.06666666666666
    },
    "NIG + uniform + apess + apv": {
      "mean_best": 100.0,
      "std_best": 0.0,
      "median_best": 100.0,
      "optimum_rate": 1.0,
      "mean_unique_evals": 208.2
    }
  },
  "mixed_nchoosek_categorical": {
    "Random": {
      "mean_best": 79.16666666666667,
      "std_best": 14.583285714207967,
      "median_best": 80.0,
      "optimum_rate": 0.03333333333333333,
      "mean_unique_evals": 471.96666666666664
    },
    "UCT (+rpol)": {
      "mean_best": 135.86666666666667,
      "std_best": 25.627762723699128,
      "median_best": 150.0,
      "optimum_rate": 0.7666666666666667,
      "mean_unique_evals": 441.6333333333333
    },
    "NIG + TS(g,a) + vi + apv": {
      "mean_best": 150.0,
      "std_best": 0.0,
      "median_best": 150.0,
      "optimum_rate": 1.0,
      "mean_unique_evals": 384.73333333333335
    },
    "NIG + TS(g,a) + comb + apv": {
      "mean_best": 150.0,
      "std_best": 0.0,
      "median_best": 150.0,
      "optimum_rate": 1.0,
      "mean_unique_evals": 389.4
    },
    "NIG + TS(g,a) + acomb + apv": {
      "mean_best": 146.0,
      "std_best": 14.966629547095765,
      "median_best": 150.0,
      "optimum_rate": 0.9333333333333333,
      "mean_unique_evals": 386.3333333333333
    },
    "NIG + TS(g,a) + acomb": {
      "mean_best": 146.0,
      "std_best": 14.966629547095765,
      "median_best": 150.0,
      "optimum_rate": 0.9333333333333333,
      "mean_unique_evals": 387.3666666666667
    },
    "NIG + TS(g,a) + apess + apv": {
      "mean_best": 148.0,
      "std_best": 10.770329614269007,
      "median_best": 150.0,
      "optimum_rate": 0.9666666666666667,
      "mean_unique_evals": 378.23333333333335
    },
    "NIG + TS(g,a) + apess": {
      "mean_best": 146.0,
      "std_best": 14.966629547095765,
      "median_best": 150.0,
      "optimum_rate": 0.9333333333333333,
      "mean_unique_evals": 380.03333333333336
    },
    "NIG + uniform + apess + apv": {
      "mean_best": 146.0,
      "std_best": 14.966629547095765,
      "median_best": 150.0,
      "optimum_rate": 0.9333333333333333,
      "mean_unique_evals": 333.76666666666665
    }
  },
  "large_sparse": {
    "Random": {
      "mean_best": 36.06666666666667,
      "std_best": 6.33473668662628,
      "median_best": 38.0,
      "optimum_rate": 0.0,
      "mean_unique_evals": 763.6333333333333
    },
    "UCT (+rpol)": {
      "mean_best": 129.8,
      "std_best": 70.24784694209497,
      "median_best": 131.0,
      "optimum_rate": 0.5,
      "mean_unique_evals": 750.2666666666667
    },
    "NIG + TS(g,a) + vi + apv": {
      "mean_best": 123.26666666666667,
      "std_best": 71.87115013844026,
      "median_best": 62.0,
      "optimum_rate": 0.4666666666666667,
      "mean_unique_evals": 749.7333333333333
    },
    "NIG + TS(g,a) + comb + apv": {
      "mean_best": 114.46666666666667,
      "std_best": 69.91362925464216,
      "median_best": 62.0,
      "optimum_rate": 0.4,
      "mean_unique_evals": 764.1666666666666
    },
    "NIG + TS(g,a) + acomb + apv": {
      "mean_best": 100.13333333333334,
      "std_best": 65.47657766119288,
      "median_best": 62.0,
      "optimum_rate": 0.3,
      "mean_unique_evals": 762.3666666666667
    },
    "NIG + TS(g,a) + acomb": {
      "mean_best": 133.2,
      "std_best": 71.49937062660062,
      "median_best": 200.0,
      "optimum_rate": 0.5333333333333333,
      "mean_unique_evals": 734.0333333333333
    },
    "NIG + TS(g,a) + apess + apv": {
      "mean_best": 113.73333333333333,
      "std_best": 70.53081280940661,
      "median_best": 62.0,
      "optimum_rate": 0.4,
      "mean_unique_evals": 755.4666666666667
    },
    "NIG + TS(g,a) + apess": {
      "mean_best": 134.4,
      "std_best": 70.17007909358517,
      "median_best": 200.0,
      "optimum_rate": 0.5333333333333333,
      "mean_unique_evals": 688.2333333333333
    },
    "NIG + uniform + apess + apv": {
      "mean_best": 118.26666666666667,
      "std_best": 71.54249708312459,
      "median_best": 62.0,
      "optimum_rate": 0.43333333333333335,
      "mean_unique_evals": 666.7666666666667
    }
  },
  "graduated_landscape": {
    "Random": {
      "mean_best": 60.56666666666667,
      "std_best": 3.2932591084753047,
      "median_best": 61.5,
      "optimum_rate": 0.06666666666666667,
      "mean_unique_evals": 112.63333333333334
    },
    "UCT (+rpol)": {
      "mean_best": 64.53333333333333,